<?xml version="1.0"?>
<!--
/**
 * Mageplaza
 *
 * NOTICE OF LICENSE
 *
 * This source file is subject to the Mageplaza.com license that is
 * available through the world-wide-web at this URL:
 * https://www.mageplaza.com/LICENSE.txt
 *
 * DISCLAIMER
 *
 * Do not edit or add to this file if you wish to upgrade this extension to newer
 * version in the future.
 *
 * @category    Mageplaza
 * @package     Mageplaza_BannerSlider
 * @copyright   Copyright (c) Mageplaza (https://www.mageplaza.com/)
 * @license     https://www.mageplaza.com/LICENSE.txt
 */
-->
<config xmlns:xsi="http://www.w3.org/2001/XMLSchema-instance" xsi:noNamespaceSchemaLocation="urn:magento:framework:Acl/etc/acl.xsd">
    <acl>
        <resources>
            <resource id="Magento_Backend::admin">
                <resource id="Mageplaza_BannerSlider::bannerslider" title="Banner Slider" sortOrder="55">
                    <resource id="Mageplaza_BannerSlider::banner" title="Manage Banner" sortOrder="10"/>
                    <resource id="Mageplaza_BannerSlider::slider" title="Manage Slider" sortOrder="20"/>
                </resource>
                <resource id="Magento_Backend::stores">
                    <resource id="Magento_Backend::stores_settings">
                        <resource id="Magento_Config::config">
                            <resource id="Mageplaza_BannerSlider::bannerslider_config" title="Banner Slider"/>
                        </resource>
                    </resource>
                </resource>
            </resource>
        </resources>
    </acl>
</config>
